BEGIN TRANSACTION;CREATE TABLE coding_attempts (
    id INTEGER PRIMARY KEY NOT NULL,
    problem_id INTEGER NOT NULL,
    attempt_time TIMESTAMP NOT NULL,
    minutes_taken INTEGER NOT NULL,
    difficulty TEXT NOT NULL CHECK (difficulty IN ("Easy", "Medium", "Hard")),
    needed_help TEXT NOT NULL CHECK (needed_help IN ("Yes", "No", "Kinda")),
    notes TEXT,
    FOREIGN KEY (problem_id) REFERENCES coding_problems(id)
);INSERT INTO "coding_attempts" VALUES(1,1,'2025-11-29 14:57:00',10,'Easy','No','');INSERT INTO "coding_attempts" VALUES(2,2,'2025-11-29 15:00:00',20,'Easy','Kinda','');INSERT INTO "coding_attempts" VALUES(3,2,'2025-11-29 15:00:00',10,'Easy','No','');INSERT INTO "coding_attempts" VALUES(4,2,'2025-11-29 15:01:00',10,'Easy','No','');INSERT INTO "coding_attempts" VALUES(5,1,'2025-12-20 15:02:00',10,'Easy','No','');INSERT INTO "coding_attempts" VALUES(6,3,'2025-11-29 15:03:00',25,'Hard','Yes','');INSERT INTO "coding_attempts" VALUES(7,4,'2025-11-29 15:04:00',5,'Easy','No','');INSERT INTO "coding_attempts" VALUES(8,5,'2025-11-29 15:05:00',5,'Medium','Kinda','');INSERT INTO "coding_attempts" VALUES(9,6,'2025-11-29 15:06:00',20,'Easy','Kinda','');INSERT INTO "coding_attempts" VALUES(10,7,'2025-11-29 15:11:00',25,'Hard','Yes','');INSERT INTO "coding_attempts" VALUES(11,8,'2025-11-30 15:31:00',20,'Medium','Kinda','');INSERT INTO "coding_attempts" VALUES(12,9,'2025-11-30 15:35:00',20,'Hard','Yes','');INSERT INTO "coding_attempts" VALUES(13,10,'2025-12-20 15:36:00',1,'Easy','No','');INSERT INTO "coding_attempts" VALUES(14,11,'2025-11-30 15:39:00',20,'Medium','Yes','');INSERT INTO "coding_attempts" VALUES(15,12,'2025-11-30 15:44:00',30,'Medium','Kinda','');INSERT INTO "coding_attempts" VALUES(16,13,'2025-11-30 15:44:00',50,'Hard','Yes','');INSERT INTO "coding_attempts" VALUES(17,14,'2025-12-20 15:45:00',20,'Medium','Kinda','');INSERT INTO "coding_attempts" VALUES(18,15,'2025-12-20 16:25:00',15,'Medium','Yes','My solution was close, but I needed slight LLM help...');INSERT INTO "coding_attempts" VALUES(19,16,'2025-12-20 16:50:00',15,'Hard','Yes','');INSERT INTO "coding_attempts" VALUES(20,17,'2025-12-20 17:42:00',44,'Hard','Kinda','');INSERT INTO "coding_attempts" VALUES(21,18,'2025-12-20 18:31:00',40,'Hard','Yes','');INSERT INTO "coding_attempts" VALUES(22,20,'2025-12-20 21:26:00',22,'Medium','Kinda','');INSERT INTO "coding_attempts" VALUES(23,21,'2025-12-20 21:50:00',10,'Easy','No','');INSERT INTO "coding_attempts" VALUES(24,22,'2025-12-20 22:02:00',7,'Hard','Yes','This one was mean :(');INSERT INTO "coding_attempts" VALUES(25,23,'2025-12-21 09:31:00',25,'Easy','Yes','');INSERT INTO "coding_attempts" VALUES(26,24,'2025-12-21 10:00:00',27,'Hard','Yes','');INSERT INTO "coding_attempts" VALUES(27,25,'2025-12-21 10:43:00',20,'Hard','Yes','');INSERT INTO "coding_attempts" VALUES(28,26,'2025-12-21 11:05:00',15,'Easy','No','');INSERT INTO "coding_attempts" VALUES(29,27,'2025-12-21 11:40:00',30,'Hard','Yes','');INSERT INTO "coding_attempts" VALUES(30,28,'2025-12-21 12:01:00',20,'Medium','Yes','');INSERT INTO "coding_attempts" VALUES(31,29,'2025-12-21 12:41:00',30,'Medium','Yes','');INSERT INTO "coding_attempts" VALUES(32,3,'2025-12-21 17:57:00',35,'Hard','Yes','');INSERT INTO "coding_attempts" VALUES(33,11,'2025-12-21 18:11:00',10,'Easy','No','');INSERT INTO "coding_attempts" VALUES(34,5,'2025-12-21 18:34:00',20,'Easy','Kinda','');INSERT INTO "coding_attempts" VALUES(35,8,'2025-12-21 18:56:00',15,'Medium','Kinda','');INSERT INTO "coding_attempts" VALUES(36,3,'2025-12-25 11:28:00',23,'Hard','Yes','');INSERT INTO "coding_attempts" VALUES(37,30,'2025-12-25 12:28:00',30,'Medium','Yes','');INSERT INTO "coding_attempts" VALUES(38,31,'2025-12-25 13:07:00',25,'Medium','Kinda','');INSERT INTO "coding_attempts" VALUES(39,32,'2025-12-25 15:54:00',10,'Hard','Yes','');INSERT INTO "coding_attempts" VALUES(40,6,'2025-12-25 16:07:00',10,'Easy','No','');INSERT INTO "coding_attempts" VALUES(41,33,'2025-12-25 16:28:00',15,'Easy','Kinda','');INSERT INTO "coding_attempts" VALUES(42,34,'2025-12-26 10:32:00',16,'Medium','No','');INSERT INTO "coding_attempts" VALUES(43,35,'2025-12-26 11:11:00',30,'Hard','Yes','');INSERT INTO "coding_attempts" VALUES(44,36,'2025-12-26 12:04:00',30,'Medium','Kinda','');INSERT INTO "coding_attempts" VALUES(45,37,'2025-12-29 18:58:00',30,'Medium','Kinda','');INSERT INTO "coding_attempts" VALUES(46,38,'2025-12-29 19:07:00',5,'Medium','No','');INSERT INTO "coding_attempts" VALUES(47,39,'2025-12-29 19:16:00',10,'Easy','No','');INSERT INTO "coding_attempts" VALUES(48,40,'2025-12-29 19:27:00',10,'Medium','Kinda','');INSERT INTO "coding_attempts" VALUES(49,41,'2025-12-29 20:30:00',40,'Medium','Yes','');INSERT INTO "coding_attempts" VALUES(50,42,'2025-12-29 21:07:00',3,'Easy','No','');INSERT INTO "coding_attempts" VALUES(51,43,'2025-12-29 21:29:00',15,'Easy','No','');INSERT INTO "coding_attempts" VALUES(52,44,'2025-12-30 06:48:00',18,'Hard','Yes','');INSERT INTO "coding_attempts" VALUES(53,45,'2025-12-30 06:51:00',13,'Medium','Yes','');INSERT INTO "coding_attempts" VALUES(54,46,'2025-12-30 07:18:00',10,'Easy','Kinda','');INSERT INTO "coding_attempts" VALUES(55,47,'2025-12-30 20:53:00',8,'Easy','No','Just basically a binary search times 2. Some slightly more complicated ways to do it, but I basically had the optimal solution');INSERT INTO "coding_attempts" VALUES(56,8,'2025-12-30 21:09:00',10,'Easy','No','');INSERT INTO "coding_attempts" VALUES(57,48,'2025-12-30 21:21:00',5,'Easy','No','');CREATE TABLE coding_problem_tags (
    id INTEGER PRIMARY KEY NOT NULL,
    problem_id INTEGER NOT NULL,
    tag_id INTEGER NOT NULL,
    FOREIGN KEY (problem_id) REFERENCES coding_problems(id),
    FOREIGN KEY (tag_id) REFERENCES coding_tags(id)
);INSERT INTO "coding_problem_tags" VALUES(1,1,1);INSERT INTO "coding_problem_tags" VALUES(2,2,1);INSERT INTO "coding_problem_tags" VALUES(3,2,3);INSERT INTO "coding_problem_tags" VALUES(4,1,4);INSERT INTO "coding_problem_tags" VALUES(5,3,5);INSERT INTO "coding_problem_tags" VALUES(6,3,1);INSERT INTO "coding_problem_tags" VALUES(7,4,1);INSERT INTO "coding_problem_tags" VALUES(8,4,6);INSERT INTO "coding_problem_tags" VALUES(9,5,1);INSERT INTO "coding_problem_tags" VALUES(10,5,6);INSERT INTO "coding_problem_tags" VALUES(11,6,1);INSERT INTO "coding_problem_tags" VALUES(12,6,6);INSERT INTO "coding_problem_tags" VALUES(13,7,7);INSERT INTO "coding_problem_tags" VALUES(14,7,1);INSERT INTO "coding_problem_tags" VALUES(15,8,1);INSERT INTO "coding_problem_tags" VALUES(16,8,4);INSERT INTO "coding_problem_tags" VALUES(17,9,5);INSERT INTO "coding_problem_tags" VALUES(18,9,1);INSERT INTO "coding_problem_tags" VALUES(19,10,1);INSERT INTO "coding_problem_tags" VALUES(20,10,6);INSERT INTO "coding_problem_tags" VALUES(21,11,1);INSERT INTO "coding_problem_tags" VALUES(22,11,6);INSERT INTO "coding_problem_tags" VALUES(23,12,3);INSERT INTO "coding_problem_tags" VALUES(24,12,1);INSERT INTO "coding_problem_tags" VALUES(25,13,8);INSERT INTO "coding_problem_tags" VALUES(26,14,1);INSERT INTO "coding_problem_tags" VALUES(27,14,6);INSERT INTO "coding_problem_tags" VALUES(28,15,9);INSERT INTO "coding_problem_tags" VALUES(29,15,10);INSERT INTO "coding_problem_tags" VALUES(30,15,4);INSERT INTO "coding_problem_tags" VALUES(31,15,11);INSERT INTO "coding_problem_tags" VALUES(32,16,12);INSERT INTO "coding_problem_tags" VALUES(33,16,10);INSERT INTO "coding_problem_tags" VALUES(34,16,13);INSERT INTO "coding_problem_tags" VALUES(35,17,14);INSERT INTO "coding_problem_tags" VALUES(36,17,10);INSERT INTO "coding_problem_tags" VALUES(37,17,15);INSERT INTO "coding_problem_tags" VALUES(38,17,11);INSERT INTO "coding_problem_tags" VALUES(39,18,10);INSERT INTO "coding_problem_tags" VALUES(40,18,4);INSERT INTO "coding_problem_tags" VALUES(41,18,11);INSERT INTO "coding_problem_tags" VALUES(42,19,16);INSERT INTO "coding_problem_tags" VALUES(43,20,3);INSERT INTO "coding_problem_tags" VALUES(44,20,12);INSERT INTO "coding_problem_tags" VALUES(45,20,10);INSERT INTO "coding_problem_tags" VALUES(46,21,17);INSERT INTO "coding_problem_tags" VALUES(47,21,10);INSERT INTO "coding_problem_tags" VALUES(48,22,11);INSERT INTO "coding_problem_tags" VALUES(49,22,7);INSERT INTO "coding_problem_tags" VALUES(50,22,10);INSERT INTO "coding_problem_tags" VALUES(51,23,20);INSERT INTO "coding_problem_tags" VALUES(52,23,18);INSERT INTO "coding_problem_tags" VALUES(53,23,19);INSERT INTO "coding_problem_tags" VALUES(54,23,10);INSERT INTO "coding_problem_tags" VALUES(55,24,10);INSERT INTO "coding_problem_tags" VALUES(56,24,19);INSERT INTO "coding_problem_tags" VALUES(57,24,20);INSERT INTO "coding_problem_tags" VALUES(58,25,21);INSERT INTO "coding_problem_tags" VALUES(59,25,1);INSERT INTO "coding_problem_tags" VALUES(60,26,3);INSERT INTO "coding_problem_tags" VALUES(61,26,10);INSERT INTO "coding_problem_tags" VALUES(62,27,5);INSERT INTO "coding_problem_tags" VALUES(63,27,14);INSERT INTO "coding_problem_tags" VALUES(64,27,10);INSERT INTO "coding_problem_tags" VALUES(65,28,22);INSERT INTO "coding_problem_tags" VALUES(66,28,23);INSERT INTO "coding_problem_tags" VALUES(67,28,12);INSERT INTO "coding_problem_tags" VALUES(68,28,10);INSERT INTO "coding_problem_tags" VALUES(69,29,12);INSERT INTO "coding_problem_tags" VALUES(70,29,10);INSERT INTO "coding_problem_tags" VALUES(71,30,4);INSERT INTO "coding_problem_tags" VALUES(72,30,12);INSERT INTO "coding_problem_tags" VALUES(73,31,5);INSERT INTO "coding_problem_tags" VALUES(74,32,10);INSERT INTO "coding_problem_tags" VALUES(75,32,24);INSERT INTO "coding_problem_tags" VALUES(76,33,17);INSERT INTO "coding_problem_tags" VALUES(77,33,10);INSERT INTO "coding_problem_tags" VALUES(78,34,10);INSERT INTO "coding_problem_tags" VALUES(79,34,26);INSERT INTO "coding_problem_tags" VALUES(80,34,25);INSERT INTO "coding_problem_tags" VALUES(81,35,4);INSERT INTO "coding_problem_tags" VALUES(82,35,12);INSERT INTO "coding_problem_tags" VALUES(83,36,6);INSERT INTO "coding_problem_tags" VALUES(84,36,1);INSERT INTO "coding_problem_tags" VALUES(85,36,20);INSERT INTO "coding_problem_tags" VALUES(86,36,27);INSERT INTO "coding_problem_tags" VALUES(87,36,10);INSERT INTO "coding_problem_tags" VALUES(88,37,28);INSERT INTO "coding_problem_tags" VALUES(89,38,4);INSERT INTO "coding_problem_tags" VALUES(90,38,12);INSERT INTO "coding_problem_tags" VALUES(91,38,1);INSERT INTO "coding_problem_tags" VALUES(92,39,3);INSERT INTO "coding_problem_tags" VALUES(93,39,1);INSERT INTO "coding_problem_tags" VALUES(94,40,6);INSERT INTO "coding_problem_tags" VALUES(95,40,1);INSERT INTO "coding_problem_tags" VALUES(96,41,5);INSERT INTO "coding_problem_tags" VALUES(97,41,1);INSERT INTO "coding_problem_tags" VALUES(98,42,28);INSERT INTO "coding_problem_tags" VALUES(99,42,1);INSERT INTO "coding_problem_tags" VALUES(100,43,3);INSERT INTO "coding_problem_tags" VALUES(101,43,1);INSERT INTO "coding_problem_tags" VALUES(102,44,7);INSERT INTO "coding_problem_tags" VALUES(103,44,1);INSERT INTO "coding_problem_tags" VALUES(104,45,21);INSERT INTO "coding_problem_tags" VALUES(105,45,1);INSERT INTO "coding_problem_tags" VALUES(106,46,7);INSERT INTO "coding_problem_tags" VALUES(107,46,1);INSERT INTO "coding_problem_tags" VALUES(108,47,5);INSERT INTO "coding_problem_tags" VALUES(109,47,1);INSERT INTO "coding_problem_tags" VALUES(110,8,12);INSERT INTO "coding_problem_tags" VALUES(111,48,28);INSERT INTO "coding_problem_tags" VALUES(112,48,1);CREATE TABLE coding_problems (
    id INTEGER PRIMARY KEY NOT NULL,
    name TEXT NOT NULL UNIQUE,
    url TEXT
);INSERT INTO "coding_problems" VALUES(1,'nc_permutations_in_string','');INSERT INTO "coding_problems" VALUES(2,'nc_2_sorted_linked_lists','');INSERT INTO "coding_problems" VALUES(3,'nc_search_in_rotated_sorted_array','');INSERT INTO "coding_problems" VALUES(4,'nc_same_binary_tree','');INSERT INTO "coding_problems" VALUES(5,'nc_subtree_of_another_tree','');INSERT INTO "coding_problems" VALUES(6,'nc_count_good_nodes_in_binary_tree','');INSERT INTO "coding_problems" VALUES(7,'nc_largest_rectangle_in_histogram','');INSERT INTO "coding_problems" VALUES(8,'nc_longest_substring_without_repeating','');INSERT INTO "coding_problems" VALUES(9,'nc_minimum_in_rotated_sorted_array','');INSERT INTO "coding_problems" VALUES(10,'nc_invert_binary_tree','');INSERT INTO "coding_problems" VALUES(11,'nc_balanced_binary_tree','');INSERT INTO "coding_problems" VALUES(12,'nc_copy_linked_list_with_random_pointer','');INSERT INTO "coding_problems" VALUES(13,'wt_cars_at_station','');INSERT INTO "coding_problems" VALUES(14,'nc_valid_binary_search_tree','');INSERT INTO "coding_problems" VALUES(15,'lc_len_of_longest_alphabetical_continuous_substring','');INSERT INTO "coding_problems" VALUES(16,'lc_count_number_of_fair_pairs','');INSERT INTO "coding_problems" VALUES(17,'lc_minimum_ops_to_make_special_number','');INSERT INTO "coding_problems" VALUES(18,'lc_longest_substring_of_all_vowels_in_order','');INSERT INTO "coding_problems" VALUES(19,'dummy_problem_1','');INSERT INTO "coding_problems" VALUES(20,'lc_find_min_and_max_number_of_nodes_between_critical_points','');INSERT INTO "coding_problems" VALUES(21,'lc_reorder_data_in_log_files','');INSERT INTO "coding_problems" VALUES(22,'lc_construct_smallest_number_from_di_string','');INSERT INTO "coding_problems" VALUES(23,'lc_subsets','');INSERT INTO "coding_problems" VALUES(24,'lc_combination_sum','');INSERT INTO "coding_problems" VALUES(25,'nc_kth_largest_element_in_a_stream','');INSERT INTO "coding_problems" VALUES(26,'lc_merge_in_between_linked_lists','');INSERT INTO "coding_problems" VALUES(27,'lc_sqrt_x','');INSERT INTO "coding_problems" VALUES(28,'lc_number_of_artihmetic_triplets','');INSERT INTO "coding_problems" VALUES(29,'lc_expressive_words','');INSERT INTO "coding_problems" VALUES(30,'lc_maximum_points_you_can_obtain_from_cards','');INSERT INTO "coding_problems" VALUES(31,'lc_range_frequency_queries','');INSERT INTO "coding_problems" VALUES(32,'lc_stone_game_ix','');INSERT INTO "coding_problems" VALUES(33,'lc_display_table_of_food_orders','');INSERT INTO "coding_problems" VALUES(34,'lc_product_of_array_except_self','');INSERT INTO "coding_problems" VALUES(35,'lc_3sum','');INSERT INTO "coding_problems" VALUES(36,'nc_number_of_islands','');INSERT INTO "coding_problems" VALUES(37,'nc_2sum','');INSERT INTO "coding_problems" VALUES(38,'nc_valid_palindrome','');INSERT INTO "coding_problems" VALUES(39,'nc_reverse_linked_list','');INSERT INTO "coding_problems" VALUES(40,'nc_binary_tree_level_order_traversal','');INSERT INTO "coding_problems" VALUES(41,'nc_koko_eating_bananas','');INSERT INTO "coding_problems" VALUES(42,'nc_group_anagrams','');INSERT INTO "coding_problems" VALUES(43,'nc_merge_2_sorted_linked_lists','');INSERT INTO "coding_problems" VALUES(44,'nc_daily_temperatures','');INSERT INTO "coding_problems" VALUES(45,'nc_top_k_frequent_elements','');INSERT INTO "coding_problems" VALUES(46,'nc_evaluate_reverse_polish_notation','');INSERT INTO "coding_problems" VALUES(47,'nc_search_2d_matrix','');INSERT INTO "coding_problems" VALUES(48,'nc_longest_consecutive_sequence','');CREATE TABLE coding_tag_classics (
    id INTEGER PRIMARY KEY NOT NULL,
    tag_id INTEGER NOT NULL,
    problem_id INTEGER NOT NULL,
    FOREIGN KEY (tag_id) REFERENCES coding_tags(id),
    FOREIGN KEY (problem_id) REFERENCES coding_problems(id),
    UNIQUE (tag_id, problem_id)
);INSERT INTO "coding_tag_classics" VALUES(1,5,3);INSERT INTO "coding_tag_classics" VALUES(3,12,35);INSERT INTO "coding_tag_classics" VALUES(4,27,36);INSERT INTO "coding_tag_classics" VALUES(5,6,36);INSERT INTO "coding_tag_classics" VALUES(6,28,37);INSERT INTO "coding_tag_classics" VALUES(7,12,38);INSERT INTO "coding_tag_classics" VALUES(8,3,39);INSERT INTO "coding_tag_classics" VALUES(9,6,10);INSERT INTO "coding_tag_classics" VALUES(10,6,40);INSERT INTO "coding_tag_classics" VALUES(11,5,41);INSERT INTO "coding_tag_classics" VALUES(12,4,8);INSERT INTO "coding_tag_classics" VALUES(13,28,42);INSERT INTO "coding_tag_classics" VALUES(14,3,43);INSERT INTO "coding_tag_classics" VALUES(15,6,14);INSERT INTO "coding_tag_classics" VALUES(16,7,7);INSERT INTO "coding_tag_classics" VALUES(17,7,44);INSERT INTO "coding_tag_classics" VALUES(18,21,45);INSERT INTO "coding_tag_classics" VALUES(19,7,46);INSERT INTO "coding_tag_classics" VALUES(20,5,47);INSERT INTO "coding_tag_classics" VALUES(22,28,48);INSERT INTO "coding_tag_classics" VALUES(23,4,1);INSERT INTO "coding_tag_classics" VALUES(24,19,23);INSERT INTO "coding_tag_classics" VALUES(25,19,24);CREATE TABLE coding_tags (
    id INTEGER PRIMARY KEY NOT NULL,
    name TEXT NOT NULL UNIQUE
);INSERT INTO "coding_tags" VALUES(1,'neetcode');INSERT INTO "coding_tags" VALUES(3,'linked_list');INSERT INTO "coding_tags" VALUES(4,'sliding_window');INSERT INTO "coding_tags" VALUES(5,'binary_search');INSERT INTO "coding_tags" VALUES(6,'tree');INSERT INTO "coding_tags" VALUES(7,'stack');INSERT INTO "coding_tags" VALUES(8,'winton');INSERT INTO "coding_tags" VALUES(9,'one_pass');INSERT INTO "coding_tags" VALUES(10,'leetcode');INSERT INTO "coding_tags" VALUES(11,'greedy');INSERT INTO "coding_tags" VALUES(12,'2_pointer');INSERT INTO "coding_tags" VALUES(13,'monotonic');INSERT INTO "coding_tags" VALUES(14,'math');INSERT INTO "coding_tags" VALUES(15,'irrelevant');INSERT INTO "coding_tags" VALUES(16,'dummy1');INSERT INTO "coding_tags" VALUES(17,'uncategorized');INSERT INTO "coding_tags" VALUES(18,'recursion');INSERT INTO "coding_tags" VALUES(19,'backtracking');INSERT INTO "coding_tags" VALUES(20,'dfs');INSERT INTO "coding_tags" VALUES(21,'heapq');INSERT INTO "coding_tags" VALUES(22,'3_pointer');INSERT INTO "coding_tags" VALUES(23,'easy');INSERT INTO "coding_tags" VALUES(24,'game_theory');INSERT INTO "coding_tags" VALUES(25,'array');INSERT INTO "coding_tags" VALUES(26,'fix_array');INSERT INTO "coding_tags" VALUES(27,'graph');INSERT INTO "coding_tags" VALUES(28,'arrays_&_hashing');CREATE TABLE sysdesign_attempts (
    id INTEGER PRIMARY KEY NOT NULL,
    problem_id INTEGER NOT NULL,
    attempt_time TIMESTAMP NOT NULL,
    minutes_taken INTEGER NOT NULL,
    difficulty TEXT NOT NULL CHECK (difficulty IN ("Easy", "Medium", "Hard")),
    needed_help TEXT NOT NULL CHECK (needed_help IN ("Yes", "No", "Kinda")),
    notes TEXT,
    FOREIGN KEY (problem_id) REFERENCES sysdesign_problems(id)
);CREATE TABLE sysdesign_problem_tags (
    id INTEGER PRIMARY KEY NOT NULL,
    problem_id INTEGER NOT NULL,
    tag_id INTEGER NOT NULL,
    FOREIGN KEY (problem_id) REFERENCES sysdesign_problems(id),
    FOREIGN KEY (tag_id) REFERENCES sysdesign_tags(id)
);CREATE TABLE sysdesign_problems (
    id INTEGER PRIMARY KEY NOT NULL,
    name TEXT NOT NULL UNIQUE,
    url TEXT
);CREATE TABLE sysdesign_tags (
    id INTEGER PRIMARY KEY NOT NULL,
    name TEXT NOT NULL UNIQUE
);CREATE INDEX idx_coding_problem_id ON coding_problem_tags (problem_id);CREATE INDEX idx_coding_tag_id ON coding_problem_tags (tag_id);CREATE INDEX idx_coding_attempt_problem_id ON coding_attempts (problem_id);CREATE INDEX idx_coding_attempt_time ON coding_attempts (attempt_time);CREATE INDEX idx_sysdesign_problem_id ON sysdesign_problem_tags (problem_id);CREATE INDEX idx_sysdesign_tag_id ON sysdesign_problem_tags (tag_id);CREATE INDEX idx_sysdesign_attempt_problem_id ON sysdesign_attempts (problem_id);CREATE INDEX idx_sysdesign_attempt_time ON sysdesign_attempts (attempt_time);COMMIT;