BEGIN TRANSACTION;CREATE TABLE coding_attempts (
    id INTEGER PRIMARY KEY NOT NULL,
    problem_id INTEGER NOT NULL,
    attempt_time TIMESTAMP NOT NULL,
    minutes_taken INTEGER NOT NULL,
    difficulty TEXT NOT NULL CHECK (difficulty IN ("Easy", "Medium", "Hard")),
    needed_help TEXT NOT NULL CHECK (needed_help IN ("Yes", "No", "Kinda")),
    notes TEXT,
    FOREIGN KEY (problem_id) REFERENCES coding_problems(id)
);INSERT INTO "coding_attempts" VALUES(1,1,'2025-11-29 14:57:00',10,'Easy','No','');INSERT INTO "coding_attempts" VALUES(2,2,'2025-11-29 15:00:00',20,'Easy','Kinda','');INSERT INTO "coding_attempts" VALUES(3,2,'2025-11-29 15:00:00',10,'Easy','No','');INSERT INTO "coding_attempts" VALUES(4,2,'2025-11-29 15:01:00',10,'Easy','No','');INSERT INTO "coding_attempts" VALUES(5,1,'2025-12-20 15:02:00',10,'Easy','No','');INSERT INTO "coding_attempts" VALUES(6,3,'2025-11-29 15:03:00',25,'Hard','Yes','');INSERT INTO "coding_attempts" VALUES(7,4,'2025-11-29 15:04:00',5,'Easy','No','');INSERT INTO "coding_attempts" VALUES(8,5,'2025-11-29 15:05:00',5,'Medium','Kinda','');INSERT INTO "coding_attempts" VALUES(9,6,'2025-11-29 15:06:00',20,'Easy','Kinda','');INSERT INTO "coding_attempts" VALUES(10,7,'2025-11-29 15:11:00',25,'Hard','Yes','');INSERT INTO "coding_attempts" VALUES(11,8,'2025-11-30 15:31:00',20,'Medium','Kinda','');INSERT INTO "coding_attempts" VALUES(12,9,'2025-11-30 15:35:00',20,'Hard','Yes','');INSERT INTO "coding_attempts" VALUES(13,10,'2025-12-20 15:36:00',1,'Easy','No','');INSERT INTO "coding_attempts" VALUES(14,11,'2025-11-30 15:39:00',20,'Medium','Yes','');INSERT INTO "coding_attempts" VALUES(15,12,'2025-11-30 15:44:00',30,'Medium','Kinda','');INSERT INTO "coding_attempts" VALUES(16,13,'2025-11-30 15:44:00',50,'Hard','Yes','');INSERT INTO "coding_attempts" VALUES(17,14,'2025-12-20 15:45:00',20,'Medium','Kinda','');INSERT INTO "coding_attempts" VALUES(18,15,'2025-12-20 16:25:00',15,'Medium','Yes','My solution was close, but I needed slight LLM help...');INSERT INTO "coding_attempts" VALUES(19,16,'2025-12-20 16:50:00',15,'Hard','Yes','');INSERT INTO "coding_attempts" VALUES(20,17,'2025-12-20 17:42:00',44,'Hard','Kinda','');INSERT INTO "coding_attempts" VALUES(21,18,'2025-12-20 18:31:00',40,'Hard','Yes','');INSERT INTO "coding_attempts" VALUES(22,20,'2025-12-20 21:26:00',22,'Medium','Kinda','');INSERT INTO "coding_attempts" VALUES(23,21,'2025-12-20 21:50:00',10,'Easy','No','');INSERT INTO "coding_attempts" VALUES(24,22,'2025-12-20 22:02:00',7,'Hard','Yes','This one was mean :(');INSERT INTO "coding_attempts" VALUES(25,23,'2025-12-21 09:31:00',25,'Easy','Yes','');INSERT INTO "coding_attempts" VALUES(26,24,'2025-12-21 10:00:00',27,'Hard','Yes','');INSERT INTO "coding_attempts" VALUES(27,25,'2025-12-21 10:43:00',20,'Hard','Yes','');INSERT INTO "coding_attempts" VALUES(28,26,'2025-12-21 11:05:00',15,'Easy','No','');INSERT INTO "coding_attempts" VALUES(29,27,'2025-12-21 11:40:00',30,'Hard','Yes','');INSERT INTO "coding_attempts" VALUES(30,28,'2025-12-21 12:01:00',20,'Medium','Yes','');INSERT INTO "coding_attempts" VALUES(31,29,'2025-12-21 12:41:00',30,'Medium','Yes','');INSERT INTO "coding_attempts" VALUES(32,3,'2025-12-21 17:57:00',35,'Hard','Yes','');INSERT INTO "coding_attempts" VALUES(33,11,'2025-12-21 18:11:00',10,'Easy','No','');INSERT INTO "coding_attempts" VALUES(34,5,'2025-12-21 18:34:00',20,'Easy','Kinda','');INSERT INTO "coding_attempts" VALUES(35,8,'2025-12-21 18:56:00',15,'Medium','Kinda','');INSERT INTO "coding_attempts" VALUES(36,3,'2025-12-25 11:28:00',23,'Hard','Yes','');INSERT INTO "coding_attempts" VALUES(37,30,'2025-12-25 12:28:00',30,'Medium','Yes','');INSERT INTO "coding_attempts" VALUES(38,31,'2025-12-25 13:07:00',25,'Medium','Kinda','');INSERT INTO "coding_attempts" VALUES(39,32,'2025-12-25 15:54:00',10,'Hard','Yes','');INSERT INTO "coding_attempts" VALUES(40,6,'2025-12-25 16:07:00',10,'Easy','No','');INSERT INTO "coding_attempts" VALUES(41,33,'2025-12-25 16:28:00',15,'Easy','Kinda','');INSERT INTO "coding_attempts" VALUES(42,34,'2025-12-26 10:32:00',16,'Medium','No','');INSERT INTO "coding_attempts" VALUES(43,35,'2025-12-26 11:11:00',30,'Hard','Yes','');INSERT INTO "coding_attempts" VALUES(44,36,'2025-12-26 12:04:00',30,'Medium','Kinda','');INSERT INTO "coding_attempts" VALUES(45,37,'2025-12-29 18:58:00',30,'Medium','Kinda','');INSERT INTO "coding_attempts" VALUES(46,38,'2025-12-29 19:07:00',5,'Medium','No','');INSERT INTO "coding_attempts" VALUES(47,39,'2025-12-29 19:16:00',10,'Easy','No','');INSERT INTO "coding_attempts" VALUES(48,40,'2025-12-29 19:27:00',10,'Medium','Kinda','');INSERT INTO "coding_attempts" VALUES(49,41,'2025-12-29 20:30:00',40,'Medium','Yes','');INSERT INTO "coding_attempts" VALUES(50,42,'2025-12-29 21:07:00',3,'Easy','No','');INSERT INTO "coding_attempts" VALUES(51,43,'2025-12-29 21:29:00',15,'Easy','No','');INSERT INTO "coding_attempts" VALUES(52,44,'2025-12-30 06:48:00',18,'Hard','Yes','');INSERT INTO "coding_attempts" VALUES(53,45,'2025-12-30 06:51:00',13,'Medium','Yes','');INSERT INTO "coding_attempts" VALUES(54,46,'2025-12-30 07:18:00',10,'Easy','Kinda','');INSERT INTO "coding_attempts" VALUES(55,47,'2025-12-30 20:53:00',8,'Easy','No','Just basically a binary search times 2. Some slightly more complicated ways to do it, but I basically had the optimal solution');INSERT INTO "coding_attempts" VALUES(56,8,'2025-12-30 21:09:00',10,'Easy','No','');INSERT INTO "coding_attempts" VALUES(57,48,'2025-12-30 21:21:00',5,'Easy','No','');INSERT INTO "coding_attempts" VALUES(58,49,'2025-12-31 10:12:00',5,'Easy','Kinda','');INSERT INTO "coding_attempts" VALUES(59,50,'2025-12-31 10:59:00',15,'Medium','Yes','');INSERT INTO "coding_attempts" VALUES(60,51,'2025-12-31 11:34:00',30,'Medium','Kinda','');INSERT INTO "coding_attempts" VALUES(61,52,'2025-12-31 12:07:00',20,'Medium','Kinda','');INSERT INTO "coding_attempts" VALUES(62,53,'2025-12-31 13:26:00',5,'Easy','No','');INSERT INTO "coding_attempts" VALUES(63,34,'2025-12-31 14:06:00',30,'Medium','Kinda','');INSERT INTO "coding_attempts" VALUES(64,54,'2025-12-31 14:23:00',10,'Medium','Kinda','');INSERT INTO "coding_attempts" VALUES(65,55,'2025-12-31 14:40:00',5,'Easy','No','');INSERT INTO "coding_attempts" VALUES(66,56,'2025-12-31 17:56:00',5,'Easy','Kinda','');INSERT INTO "coding_attempts" VALUES(67,57,'2025-12-31 19:03:00',15,'Hard','Yes','');INSERT INTO "coding_attempts" VALUES(68,58,'2026-01-01 10:13:00',96,'Medium','Yes','');INSERT INTO "coding_attempts" VALUES(69,59,'2026-01-01 12:35:00',30,'Medium','Kinda','');INSERT INTO "coding_attempts" VALUES(70,60,'2026-01-01 15:59:00',25,'Easy','No','');INSERT INTO "coding_attempts" VALUES(71,61,'2026-01-01 16:53:00',10,'Easy','Kinda','');INSERT INTO "coding_attempts" VALUES(72,62,'2026-01-01 17:11:00',10,'Easy','No','');INSERT INTO "coding_attempts" VALUES(73,63,'2026-01-02 09:00:00',10,'Hard','Yes','');INSERT INTO "coding_attempts" VALUES(74,64,'2026-01-02 09:54:00',45,'Medium','Yes','');INSERT INTO "coding_attempts" VALUES(75,65,'2026-01-02 10:17:00',15,'Easy','Yes','');INSERT INTO "coding_attempts" VALUES(76,66,'2026-01-02 14:10:00',30,'Medium','Yes','');INSERT INTO "coding_attempts" VALUES(77,67,'2026-01-02 14:30:00',15,'Easy','Yes','');INSERT INTO "coding_attempts" VALUES(78,63,'2026-01-02 14:45:00',5,'Easy','Kinda','');INSERT INTO "coding_attempts" VALUES(79,68,'2026-01-02 17:53:00',25,'Easy','Kinda','');INSERT INTO "coding_attempts" VALUES(80,31,'2026-01-02 18:04:00',10,'Easy','Yes','');INSERT INTO "coding_attempts" VALUES(81,69,'2026-01-02 18:18:00',10,'Easy','No','');INSERT INTO "coding_attempts" VALUES(82,45,'2026-01-02 18:47:00',30,'Easy','Yes','');INSERT INTO "coding_attempts" VALUES(83,35,'2026-01-03 05:40:00',27,'Medium','Yes','');INSERT INTO "coding_attempts" VALUES(84,3,'2026-01-03 06:10:00',20,'Medium','Yes','');INSERT INTO "coding_attempts" VALUES(85,44,'2026-01-03 06:30:00',10,'Hard','Yes','');INSERT INTO "coding_attempts" VALUES(86,70,'2026-01-03 07:22:00',10,'Easy','Yes','');INSERT INTO "coding_attempts" VALUES(87,71,'2026-01-03 07:45:00',20,'Easy','Kinda','');INSERT INTO "coding_attempts" VALUES(88,30,'2026-01-03 11:12:00',23,'Easy','No','');INSERT INTO "coding_attempts" VALUES(89,72,'2026-01-03 13:13:00',36,'Medium','Yes','');INSERT INTO "coding_attempts" VALUES(90,73,'2026-01-03 14:15:00',60,'Medium','Yes','');INSERT INTO "coding_attempts" VALUES(91,74,'2026-01-03 15:16:00',30,'Hard','Yes','');INSERT INTO "coding_attempts" VALUES(92,75,'2026-01-03 18:51:00',15,'Easy','No','');INSERT INTO "coding_attempts" VALUES(93,76,'2026-01-03 19:55:00',20,'Easy','Yes','');INSERT INTO "coding_attempts" VALUES(94,77,'2026-01-03 20:20:00',20,'Easy','Kinda','Needed help on using the "inf" trick as a default upper bound');INSERT INTO "coding_attempts" VALUES(95,78,'2026-01-04 09:35:00',40,'Easy','Yes','');INSERT INTO "coding_attempts" VALUES(96,79,'2026-01-04 10:02:00',15,'Medium','Kinda','');INSERT INTO "coding_attempts" VALUES(97,80,'2026-01-04 10:55:00',25,'Easy','Yes','');INSERT INTO "coding_attempts" VALUES(98,81,'2026-01-04 12:17:00',40,'Medium','Yes','');INSERT INTO "coding_attempts" VALUES(99,82,'2026-01-04 13:06:00',40,'Medium','Yes','');INSERT INTO "coding_attempts" VALUES(100,83,'2026-01-04 14:08:00',20,'Easy','Kinda','');INSERT INTO "coding_attempts" VALUES(101,41,'2026-01-04 14:30:00',15,'Easy','Yes','');INSERT INTO "coding_attempts" VALUES(102,84,'2026-01-04 16:52:00',30,'Medium','Yes','');INSERT INTO "coding_attempts" VALUES(103,85,'2026-01-05 21:20:00',30,'Easy','Kinda','');INSERT INTO "coding_attempts" VALUES(104,86,'2026-01-06 03:35:00',40,'Easy','Yes','');INSERT INTO "coding_attempts" VALUES(105,87,'2026-01-06 04:42:00',15,'Easy','Yes','');INSERT INTO "coding_attempts" VALUES(106,88,'2026-01-06 06:05:00',60,'Easy','Yes','');INSERT INTO "coding_attempts" VALUES(107,89,'2026-01-06 06:46:00',10,'Easy','Kinda','');INSERT INTO "coding_attempts" VALUES(108,37,'2026-01-06 07:00:00',10,'Easy','Kinda','');INSERT INTO "coding_attempts" VALUES(109,9,'2026-01-09 11:44:00',60,'Medium','Yes','');INSERT INTO "coding_attempts" VALUES(110,23,'2026-01-10 12:15:00',10,'Easy','Kinda','');INSERT INTO "coding_attempts" VALUES(111,90,'2026-01-10 12:17:00',10,'Easy','No','');INSERT INTO "coding_attempts" VALUES(112,91,'2026-01-10 12:54:00',20,'Easy','Kinda','');INSERT INTO "coding_attempts" VALUES(113,92,'2026-01-11 12:56:00',40,'Medium','Kinda','');INSERT INTO "coding_attempts" VALUES(114,58,'2026-01-11 13:55:00',40,'Medium','Yes','');INSERT INTO "coding_attempts" VALUES(115,93,'2026-01-11 15:20:00',30,'Easy','Yes','');INSERT INTO "coding_attempts" VALUES(116,7,'2026-01-11 15:43:00',30,'Hard','Yes','');INSERT INTO "coding_attempts" VALUES(117,94,'2026-01-11 15:52:00',5,'Easy','No','');INSERT INTO "coding_attempts" VALUES(118,95,'2026-01-11 16:21:00',10,'Easy','No','');INSERT INTO "coding_attempts" VALUES(119,24,'2026-01-11 16:34:00',5,'Easy','No','');INSERT INTO "coding_attempts" VALUES(120,96,'2026-01-11 17:03:00',25,'Easy','Yes','');INSERT INTO "coding_attempts" VALUES(121,14,'2026-01-11 17:29:00',10,'Easy','Kinda','');INSERT INTO "coding_attempts" VALUES(122,3,'2026-01-12 19:09:00',13,'Medium','No','');INSERT INTO "coding_attempts" VALUES(123,97,'2026-01-12 19:20:00',10,'Hard','Yes','');INSERT INTO "coding_attempts" VALUES(124,98,'2026-01-12 19:53:00',25,'Easy','Kinda','');INSERT INTO "coding_attempts" VALUES(125,99,'2026-01-12 20:23:00',15,'Easy','Kinda','');INSERT INTO "coding_attempts" VALUES(126,52,'2026-01-12 21:00:00',15,'Easy','Kinda','');INSERT INTO "coding_attempts" VALUES(127,41,'2026-01-13 06:05:00',20,'Easy','Yes','');INSERT INTO "coding_attempts" VALUES(128,44,'2026-01-13 06:27:00',15,'Easy','Yes','');INSERT INTO "coding_attempts" VALUES(129,100,'2026-01-13 06:44:00',15,'Easy','Kinda','');INSERT INTO "coding_attempts" VALUES(130,101,'2026-01-13 07:03:00',15,'Medium','Kinda','');INSERT INTO "coding_attempts" VALUES(131,102,'2026-01-13 18:54:00',15,'Easy','Kinda','');INSERT INTO "coding_attempts" VALUES(132,103,'2026-01-13 20:42:00',20,'Hard','Yes','');INSERT INTO "coding_attempts" VALUES(133,64,'2026-01-13 23:09:00',60,'Medium','Yes','');INSERT INTO "coding_attempts" VALUES(134,104,'2026-01-13 23:35:00',30,'Medium','Yes','');INSERT INTO "coding_attempts" VALUES(135,78,'2026-01-14 08:56:00',20,'Easy','Kinda','');CREATE TABLE coding_problem_tags (
    id INTEGER PRIMARY KEY NOT NULL,
    problem_id INTEGER NOT NULL,
    tag_id INTEGER NOT NULL,
    FOREIGN KEY (problem_id) REFERENCES coding_problems(id),
    FOREIGN KEY (tag_id) REFERENCES coding_tags(id)
);INSERT INTO "coding_problem_tags" VALUES(1,1,1);INSERT INTO "coding_problem_tags" VALUES(2,2,1);INSERT INTO "coding_problem_tags" VALUES(3,2,3);INSERT INTO "coding_problem_tags" VALUES(4,1,4);INSERT INTO "coding_problem_tags" VALUES(5,3,5);INSERT INTO "coding_problem_tags" VALUES(6,3,1);INSERT INTO "coding_problem_tags" VALUES(7,4,1);INSERT INTO "coding_problem_tags" VALUES(8,4,6);INSERT INTO "coding_problem_tags" VALUES(9,5,1);INSERT INTO "coding_problem_tags" VALUES(10,5,6);INSERT INTO "coding_problem_tags" VALUES(11,6,1);INSERT INTO "coding_problem_tags" VALUES(12,6,6);INSERT INTO "coding_problem_tags" VALUES(13,7,7);INSERT INTO "coding_problem_tags" VALUES(14,7,1);INSERT INTO "coding_problem_tags" VALUES(15,8,1);INSERT INTO "coding_problem_tags" VALUES(16,8,4);INSERT INTO "coding_problem_tags" VALUES(17,9,5);INSERT INTO "coding_problem_tags" VALUES(18,9,1);INSERT INTO "coding_problem_tags" VALUES(19,10,1);INSERT INTO "coding_problem_tags" VALUES(20,10,6);INSERT INTO "coding_problem_tags" VALUES(21,11,1);INSERT INTO "coding_problem_tags" VALUES(22,11,6);INSERT INTO "coding_problem_tags" VALUES(23,12,3);INSERT INTO "coding_problem_tags" VALUES(24,12,1);INSERT INTO "coding_problem_tags" VALUES(25,13,8);INSERT INTO "coding_problem_tags" VALUES(26,14,1);INSERT INTO "coding_problem_tags" VALUES(27,14,6);INSERT INTO "coding_problem_tags" VALUES(28,15,9);INSERT INTO "coding_problem_tags" VALUES(29,15,10);INSERT INTO "coding_problem_tags" VALUES(30,15,4);INSERT INTO "coding_problem_tags" VALUES(31,15,11);INSERT INTO "coding_problem_tags" VALUES(32,16,12);INSERT INTO "coding_problem_tags" VALUES(33,16,10);INSERT INTO "coding_problem_tags" VALUES(34,16,13);INSERT INTO "coding_problem_tags" VALUES(35,17,14);INSERT INTO "coding_problem_tags" VALUES(36,17,10);INSERT INTO "coding_problem_tags" VALUES(37,17,15);INSERT INTO "coding_problem_tags" VALUES(38,17,11);INSERT INTO "coding_problem_tags" VALUES(39,18,10);INSERT INTO "coding_problem_tags" VALUES(40,18,4);INSERT INTO "coding_problem_tags" VALUES(41,18,11);INSERT INTO "coding_problem_tags" VALUES(42,19,16);INSERT INTO "coding_problem_tags" VALUES(43,20,3);INSERT INTO "coding_problem_tags" VALUES(44,20,12);INSERT INTO "coding_problem_tags" VALUES(45,20,10);INSERT INTO "coding_problem_tags" VALUES(46,21,17);INSERT INTO "coding_problem_tags" VALUES(47,21,10);INSERT INTO "coding_problem_tags" VALUES(48,22,11);INSERT INTO "coding_problem_tags" VALUES(49,22,7);INSERT INTO "coding_problem_tags" VALUES(50,22,10);INSERT INTO "coding_problem_tags" VALUES(51,23,20);INSERT INTO "coding_problem_tags" VALUES(52,23,18);INSERT INTO "coding_problem_tags" VALUES(53,23,19);INSERT INTO "coding_problem_tags" VALUES(54,23,10);INSERT INTO "coding_problem_tags" VALUES(55,24,10);INSERT INTO "coding_problem_tags" VALUES(56,24,19);INSERT INTO "coding_problem_tags" VALUES(57,24,20);INSERT INTO "coding_problem_tags" VALUES(58,25,21);INSERT INTO "coding_problem_tags" VALUES(59,25,1);INSERT INTO "coding_problem_tags" VALUES(60,26,3);INSERT INTO "coding_problem_tags" VALUES(61,26,10);INSERT INTO "coding_problem_tags" VALUES(62,27,5);INSERT INTO "coding_problem_tags" VALUES(63,27,14);INSERT INTO "coding_problem_tags" VALUES(64,27,10);INSERT INTO "coding_problem_tags" VALUES(65,28,22);INSERT INTO "coding_problem_tags" VALUES(66,28,23);INSERT INTO "coding_problem_tags" VALUES(67,28,12);INSERT INTO "coding_problem_tags" VALUES(68,28,10);INSERT INTO "coding_problem_tags" VALUES(69,29,12);INSERT INTO "coding_problem_tags" VALUES(70,29,10);INSERT INTO "coding_problem_tags" VALUES(71,30,4);INSERT INTO "coding_problem_tags" VALUES(72,30,12);INSERT INTO "coding_problem_tags" VALUES(73,31,5);INSERT INTO "coding_problem_tags" VALUES(74,32,10);INSERT INTO "coding_problem_tags" VALUES(75,32,24);INSERT INTO "coding_problem_tags" VALUES(76,33,17);INSERT INTO "coding_problem_tags" VALUES(77,33,10);INSERT INTO "coding_problem_tags" VALUES(78,34,10);INSERT INTO "coding_problem_tags" VALUES(79,34,26);INSERT INTO "coding_problem_tags" VALUES(81,35,4);INSERT INTO "coding_problem_tags" VALUES(82,35,12);INSERT INTO "coding_problem_tags" VALUES(83,36,6);INSERT INTO "coding_problem_tags" VALUES(84,36,1);INSERT INTO "coding_problem_tags" VALUES(85,36,20);INSERT INTO "coding_problem_tags" VALUES(86,36,27);INSERT INTO "coding_problem_tags" VALUES(87,36,10);INSERT INTO "coding_problem_tags" VALUES(88,37,28);INSERT INTO "coding_problem_tags" VALUES(89,38,4);INSERT INTO "coding_problem_tags" VALUES(90,38,12);INSERT INTO "coding_problem_tags" VALUES(91,38,1);INSERT INTO "coding_problem_tags" VALUES(92,39,3);INSERT INTO "coding_problem_tags" VALUES(93,39,1);INSERT INTO "coding_problem_tags" VALUES(94,40,6);INSERT INTO "coding_problem_tags" VALUES(95,40,1);INSERT INTO "coding_problem_tags" VALUES(96,41,5);INSERT INTO "coding_problem_tags" VALUES(97,41,1);INSERT INTO "coding_problem_tags" VALUES(98,42,28);INSERT INTO "coding_problem_tags" VALUES(99,42,1);INSERT INTO "coding_problem_tags" VALUES(100,43,3);INSERT INTO "coding_problem_tags" VALUES(101,43,1);INSERT INTO "coding_problem_tags" VALUES(102,44,7);INSERT INTO "coding_problem_tags" VALUES(103,44,1);INSERT INTO "coding_problem_tags" VALUES(105,45,1);INSERT INTO "coding_problem_tags" VALUES(106,46,7);INSERT INTO "coding_problem_tags" VALUES(107,46,1);INSERT INTO "coding_problem_tags" VALUES(108,47,5);INSERT INTO "coding_problem_tags" VALUES(109,47,1);INSERT INTO "coding_problem_tags" VALUES(110,8,12);INSERT INTO "coding_problem_tags" VALUES(111,48,28);INSERT INTO "coding_problem_tags" VALUES(112,48,1);INSERT INTO "coding_problem_tags" VALUES(113,49,4);INSERT INTO "coding_problem_tags" VALUES(114,49,29);INSERT INTO "coding_problem_tags" VALUES(115,49,1);INSERT INTO "coding_problem_tags" VALUES(116,50,1);INSERT INTO "coding_problem_tags" VALUES(117,50,3);INSERT INTO "coding_problem_tags" VALUES(118,50,12);INSERT INTO "coding_problem_tags" VALUES(119,51,27);INSERT INTO "coding_problem_tags" VALUES(120,51,1);INSERT INTO "coding_problem_tags" VALUES(121,51,20);INSERT INTO "coding_problem_tags" VALUES(122,52,1);INSERT INTO "coding_problem_tags" VALUES(123,52,21);INSERT INTO "coding_problem_tags" VALUES(124,53,7);INSERT INTO "coding_problem_tags" VALUES(125,53,1);INSERT INTO "coding_problem_tags" VALUES(126,34,1);INSERT INTO "coding_problem_tags" VALUES(127,34,28);INSERT INTO "coding_problem_tags" VALUES(128,54,19);INSERT INTO "coding_problem_tags" VALUES(129,54,1);INSERT INTO "coding_problem_tags" VALUES(130,54,30);INSERT INTO "coding_problem_tags" VALUES(131,54,18);INSERT INTO "coding_problem_tags" VALUES(132,55,1);INSERT INTO "coding_problem_tags" VALUES(133,55,11);INSERT INTO "coding_problem_tags" VALUES(134,55,12);INSERT INTO "coding_problem_tags" VALUES(135,56,7);INSERT INTO "coding_problem_tags" VALUES(136,56,1);INSERT INTO "coding_problem_tags" VALUES(137,57,4);INSERT INTO "coding_problem_tags" VALUES(138,57,1);INSERT INTO "coding_problem_tags" VALUES(139,58,1);INSERT INTO "coding_problem_tags" VALUES(140,58,5);INSERT INTO "coding_problem_tags" VALUES(141,58,31);INSERT INTO "coding_problem_tags" VALUES(142,59,1);INSERT INTO "coding_problem_tags" VALUES(143,59,21);INSERT INTO "coding_problem_tags" VALUES(144,59,11);INSERT INTO "coding_problem_tags" VALUES(145,60,27);INSERT INTO "coding_problem_tags" VALUES(146,60,1);INSERT INTO "coding_problem_tags" VALUES(147,60,18);INSERT INTO "coding_problem_tags" VALUES(148,60,20);INSERT INTO "coding_problem_tags" VALUES(149,60,19);INSERT INTO "coding_problem_tags" VALUES(150,61,1);INSERT INTO "coding_problem_tags" VALUES(151,61,30);INSERT INTO "coding_problem_tags" VALUES(152,61,29);INSERT INTO "coding_problem_tags" VALUES(153,62,1);INSERT INTO "coding_problem_tags" VALUES(154,62,28);INSERT INTO "coding_problem_tags" VALUES(155,62,12);INSERT INTO "coding_problem_tags" VALUES(156,63,32);INSERT INTO "coding_problem_tags" VALUES(157,63,29);INSERT INTO "coding_problem_tags" VALUES(158,63,1);INSERT INTO "coding_problem_tags" VALUES(159,64,1);INSERT INTO "coding_problem_tags" VALUES(160,64,21);INSERT INTO "coding_problem_tags" VALUES(161,64,11);INSERT INTO "coding_problem_tags" VALUES(162,65,1);INSERT INTO "coding_problem_tags" VALUES(163,65,3);INSERT INTO "coding_problem_tags" VALUES(164,65,12);INSERT INTO "coding_problem_tags" VALUES(165,66,33);INSERT INTO "coding_problem_tags" VALUES(166,66,1);INSERT INTO "coding_problem_tags" VALUES(167,66,27);INSERT INTO "coding_problem_tags" VALUES(168,67,34);INSERT INTO "coding_problem_tags" VALUES(169,67,29);INSERT INTO "coding_problem_tags" VALUES(170,67,1);INSERT INTO "coding_problem_tags" VALUES(171,63,34);INSERT INTO "coding_problem_tags" VALUES(172,68,6);INSERT INTO "coding_problem_tags" VALUES(173,68,29);INSERT INTO "coding_problem_tags" VALUES(174,68,1);INSERT INTO "coding_problem_tags" VALUES(175,31,10);INSERT INTO "coding_problem_tags" VALUES(176,31,32);INSERT INTO "coding_problem_tags" VALUES(177,69,1);INSERT INTO "coding_problem_tags" VALUES(178,69,21);INSERT INTO "coding_problem_tags" VALUES(179,69,28);INSERT INTO "coding_problem_tags" VALUES(180,45,28);INSERT INTO "coding_problem_tags" VALUES(181,70,1);INSERT INTO "coding_problem_tags" VALUES(182,70,11);INSERT INTO "coding_problem_tags" VALUES(183,71,1);INSERT INTO "coding_problem_tags" VALUES(184,71,29);INSERT INTO "coding_problem_tags" VALUES(185,71,35);INSERT INTO "coding_problem_tags" VALUES(186,30,10);INSERT INTO "coding_problem_tags" VALUES(187,72,19);INSERT INTO "coding_problem_tags" VALUES(188,72,1);INSERT INTO "coding_problem_tags" VALUES(189,72,30);INSERT INTO "coding_problem_tags" VALUES(190,72,18);INSERT INTO "coding_problem_tags" VALUES(191,73,1);INSERT INTO "coding_problem_tags" VALUES(192,73,6);INSERT INTO "coding_problem_tags" VALUES(193,73,20);INSERT INTO "coding_problem_tags" VALUES(194,73,29);INSERT INTO "coding_problem_tags" VALUES(195,73,31);INSERT INTO "coding_problem_tags" VALUES(196,74,32);INSERT INTO "coding_problem_tags" VALUES(197,74,1);INSERT INTO "coding_problem_tags" VALUES(198,74,11);INSERT INTO "coding_problem_tags" VALUES(199,75,1);INSERT INTO "coding_problem_tags" VALUES(200,75,3);INSERT INTO "coding_problem_tags" VALUES(201,76,36);INSERT INTO "coding_problem_tags" VALUES(202,76,1);INSERT INTO "coding_problem_tags" VALUES(203,76,21);INSERT INTO "coding_problem_tags" VALUES(204,77,34);INSERT INTO "coding_problem_tags" VALUES(205,77,29);INSERT INTO "coding_problem_tags" VALUES(206,77,1);INSERT INTO "coding_problem_tags" VALUES(207,78,1);INSERT INTO "coding_problem_tags" VALUES(208,78,5);INSERT INTO "coding_problem_tags" VALUES(209,79,1);INSERT INTO "coding_problem_tags" VALUES(210,79,30);INSERT INTO "coding_problem_tags" VALUES(211,79,29);INSERT INTO "coding_problem_tags" VALUES(212,79,20);INSERT INTO "coding_problem_tags" VALUES(213,80,1);INSERT INTO "coding_problem_tags" VALUES(214,80,11);INSERT INTO "coding_problem_tags" VALUES(215,80,28);INSERT INTO "coding_problem_tags" VALUES(216,80,37);INSERT INTO "coding_problem_tags" VALUES(217,81,4);INSERT INTO "coding_problem_tags" VALUES(218,81,31);INSERT INTO "coding_problem_tags" VALUES(219,81,1);INSERT INTO "coding_problem_tags" VALUES(220,82,27);INSERT INTO "coding_problem_tags" VALUES(221,82,1);INSERT INTO "coding_problem_tags" VALUES(222,82,20);INSERT INTO "coding_problem_tags" VALUES(223,83,6);INSERT INTO "coding_problem_tags" VALUES(224,83,38);INSERT INTO "coding_problem_tags" VALUES(225,83,1);INSERT INTO "coding_problem_tags" VALUES(226,84,19);INSERT INTO "coding_problem_tags" VALUES(227,84,1);INSERT INTO "coding_problem_tags" VALUES(228,85,1);INSERT INTO "coding_problem_tags" VALUES(229,85,11);INSERT INTO "coding_problem_tags" VALUES(230,85,37);INSERT INTO "coding_problem_tags" VALUES(231,86,6);INSERT INTO "coding_problem_tags" VALUES(232,86,1);INSERT INTO "coding_problem_tags" VALUES(233,87,1);INSERT INTO "coding_problem_tags" VALUES(234,87,21);INSERT INTO "coding_problem_tags" VALUES(235,87,3);INSERT INTO "coding_problem_tags" VALUES(236,88,27);INSERT INTO "coding_problem_tags" VALUES(237,88,1);INSERT INTO "coding_problem_tags" VALUES(238,88,29);INSERT INTO "coding_problem_tags" VALUES(239,88,20);INSERT INTO "coding_problem_tags" VALUES(240,89,1);INSERT INTO "coding_problem_tags" VALUES(241,89,12);INSERT INTO "coding_problem_tags" VALUES(242,89,31);INSERT INTO "coding_problem_tags" VALUES(243,37,1);INSERT INTO "coding_problem_tags" VALUES(244,23,33);INSERT INTO "coding_problem_tags" VALUES(245,23,1);INSERT INTO "coding_problem_tags" VALUES(246,90,11);INSERT INTO "coding_problem_tags" VALUES(247,90,1);INSERT INTO "coding_problem_tags" VALUES(248,91,29);INSERT INTO "coding_problem_tags" VALUES(249,91,1);INSERT INTO "coding_problem_tags" VALUES(250,91,34);INSERT INTO "coding_problem_tags" VALUES(251,92,31);INSERT INTO "coding_problem_tags" VALUES(252,92,3);INSERT INTO "coding_problem_tags" VALUES(253,92,1);INSERT INTO "coding_problem_tags" VALUES(254,92,36);INSERT INTO "coding_problem_tags" VALUES(255,93,1);INSERT INTO "coding_problem_tags" VALUES(256,93,30);INSERT INTO "coding_problem_tags" VALUES(257,93,20);INSERT INTO "coding_problem_tags" VALUES(258,93,19);INSERT INTO "coding_problem_tags" VALUES(259,94,1);INSERT INTO "coding_problem_tags" VALUES(260,94,6);INSERT INTO "coding_problem_tags" VALUES(261,95,29);INSERT INTO "coding_problem_tags" VALUES(262,95,1);INSERT INTO "coding_problem_tags" VALUES(263,95,34);INSERT INTO "coding_problem_tags" VALUES(264,24,18);INSERT INTO "coding_problem_tags" VALUES(265,96,1);INSERT INTO "coding_problem_tags" VALUES(266,96,18);INSERT INTO "coding_problem_tags" VALUES(267,96,19);INSERT INTO "coding_problem_tags" VALUES(268,14,20);INSERT INTO "coding_problem_tags" VALUES(269,97,39);INSERT INTO "coding_problem_tags" VALUES(270,97,40);INSERT INTO "coding_problem_tags" VALUES(271,97,1);INSERT INTO "coding_problem_tags" VALUES(272,98,29);INSERT INTO "coding_problem_tags" VALUES(273,98,35);INSERT INTO "coding_problem_tags" VALUES(274,98,27);INSERT INTO "coding_problem_tags" VALUES(275,99,6);INSERT INTO "coding_problem_tags" VALUES(276,99,18);INSERT INTO "coding_problem_tags" VALUES(277,99,1);INSERT INTO "coding_problem_tags" VALUES(278,100,36);INSERT INTO "coding_problem_tags" VALUES(279,100,38);INSERT INTO "coding_problem_tags" VALUES(280,100,6);INSERT INTO "coding_problem_tags" VALUES(281,100,1);INSERT INTO "coding_problem_tags" VALUES(282,101,12);INSERT INTO "coding_problem_tags" VALUES(283,101,1);INSERT INTO "coding_problem_tags" VALUES(284,102,5);INSERT INTO "coding_problem_tags" VALUES(285,102,1);INSERT INTO "coding_problem_tags" VALUES(286,102,36);INSERT INTO "coding_problem_tags" VALUES(287,103,7);INSERT INTO "coding_problem_tags" VALUES(288,103,13);INSERT INTO "coding_problem_tags" VALUES(289,103,1);INSERT INTO "coding_problem_tags" VALUES(290,104,12);INSERT INTO "coding_problem_tags" VALUES(291,104,1);CREATE TABLE coding_problems (
    id INTEGER PRIMARY KEY NOT NULL,
    name TEXT NOT NULL UNIQUE,
    url TEXT
);INSERT INTO "coding_problems" VALUES(1,'nc_permutations_in_string','');INSERT INTO "coding_problems" VALUES(2,'nc_2_sorted_linked_lists','');INSERT INTO "coding_problems" VALUES(3,'nc_search_in_rotated_sorted_array','');INSERT INTO "coding_problems" VALUES(4,'nc_same_binary_tree','');INSERT INTO "coding_problems" VALUES(5,'nc_subtree_of_another_tree','');INSERT INTO "coding_problems" VALUES(6,'nc_count_good_nodes_in_binary_tree','');INSERT INTO "coding_problems" VALUES(7,'nc_largest_rectangle_in_histogram','');INSERT INTO "coding_problems" VALUES(8,'nc_longest_substring_without_repeating','');INSERT INTO "coding_problems" VALUES(9,'nc_minimum_in_rotated_sorted_array','');INSERT INTO "coding_problems" VALUES(10,'nc_invert_binary_tree','');INSERT INTO "coding_problems" VALUES(11,'nc_balanced_binary_tree','');INSERT INTO "coding_problems" VALUES(12,'nc_copy_linked_list_with_random_pointer','');INSERT INTO "coding_problems" VALUES(13,'wt_cars_at_station','');INSERT INTO "coding_problems" VALUES(14,'nc_valid_binary_search_tree','');INSERT INTO "coding_problems" VALUES(15,'lc_len_of_longest_alphabetical_continuous_substring','');INSERT INTO "coding_problems" VALUES(16,'lc_count_number_of_fair_pairs','');INSERT INTO "coding_problems" VALUES(17,'lc_minimum_ops_to_make_special_number','');INSERT INTO "coding_problems" VALUES(18,'lc_longest_substring_of_all_vowels_in_order','');INSERT INTO "coding_problems" VALUES(19,'dummy_problem_1','');INSERT INTO "coding_problems" VALUES(20,'lc_find_min_and_max_number_of_nodes_between_critical_points','');INSERT INTO "coding_problems" VALUES(21,'lc_reorder_data_in_log_files','');INSERT INTO "coding_problems" VALUES(22,'lc_construct_smallest_number_from_di_string','');INSERT INTO "coding_problems" VALUES(23,'lc_subsets','');INSERT INTO "coding_problems" VALUES(24,'lc_combination_sum','');INSERT INTO "coding_problems" VALUES(25,'nc_kth_largest_element_in_a_stream','');INSERT INTO "coding_problems" VALUES(26,'lc_merge_in_between_linked_lists','');INSERT INTO "coding_problems" VALUES(27,'lc_sqrt_x','');INSERT INTO "coding_problems" VALUES(28,'lc_number_of_artihmetic_triplets','');INSERT INTO "coding_problems" VALUES(29,'lc_expressive_words','');INSERT INTO "coding_problems" VALUES(30,'lc_maximum_points_you_can_obtain_from_cards','');INSERT INTO "coding_problems" VALUES(31,'lc_range_frequency_queries','');INSERT INTO "coding_problems" VALUES(32,'lc_stone_game_ix','');INSERT INTO "coding_problems" VALUES(33,'lc_display_table_of_food_orders','');INSERT INTO "coding_problems" VALUES(34,'lc_product_of_array_except_self','');INSERT INTO "coding_problems" VALUES(35,'lc_3sum','');INSERT INTO "coding_problems" VALUES(36,'nc_number_of_islands','');INSERT INTO "coding_problems" VALUES(37,'nc_2sum','');INSERT INTO "coding_problems" VALUES(38,'nc_valid_palindrome','');INSERT INTO "coding_problems" VALUES(39,'nc_reverse_linked_list','');INSERT INTO "coding_problems" VALUES(40,'nc_binary_tree_level_order_traversal','');INSERT INTO "coding_problems" VALUES(41,'nc_koko_eating_bananas','');INSERT INTO "coding_problems" VALUES(42,'nc_group_anagrams','');INSERT INTO "coding_problems" VALUES(43,'nc_merge_2_sorted_linked_lists','');INSERT INTO "coding_problems" VALUES(44,'nc_daily_temperatures','');INSERT INTO "coding_problems" VALUES(45,'nc_top_k_frequent_elements','');INSERT INTO "coding_problems" VALUES(46,'nc_evaluate_reverse_polish_notation','');INSERT INTO "coding_problems" VALUES(47,'nc_search_2d_matrix','');INSERT INTO "coding_problems" VALUES(48,'nc_longest_consecutive_sequence','');INSERT INTO "coding_problems" VALUES(49,'nc_best_time_to_buy_and_sell_stock','');INSERT INTO "coding_problems" VALUES(50,'nc_remove_node_from_end_of_linked_list','');INSERT INTO "coding_problems" VALUES(51,'nc_clone_graph','');INSERT INTO "coding_problems" VALUES(52,'nc_kth_closest_points_to_origin','');INSERT INTO "coding_problems" VALUES(53,'nc_minimum_stack','');INSERT INTO "coding_problems" VALUES(54,'nc_permutations','');INSERT INTO "coding_problems" VALUES(55,'nc_container_with_most_water','');INSERT INTO "coding_problems" VALUES(56,'nc_valid_parentheses','');INSERT INTO "coding_problems" VALUES(57,'nc_longest_repeating_character_replacement','');INSERT INTO "coding_problems" VALUES(58,'nc_median_of_2_sorted_arrays','');INSERT INTO "coding_problems" VALUES(59,'nc_2_heaps','');INSERT INTO "coding_problems" VALUES(60,'nc_word_search','');INSERT INTO "coding_problems" VALUES(61,'nc_climbing_stairs','');INSERT INTO "coding_problems" VALUES(62,'nc_2sum_2_sorted','');INSERT INTO "coding_problems" VALUES(63,'nc_house_robber_2','');INSERT INTO "coding_problems" VALUES(64,'nc_task_scheduler','');INSERT INTO "coding_problems" VALUES(65,'nc_linked_list_cycle_detection','');INSERT INTO "coding_problems" VALUES(66,'nc_rotting_oranges','');INSERT INTO "coding_problems" VALUES(67,'nc_house_robber','');INSERT INTO "coding_problems" VALUES(68,'nc_house_robber_3','');INSERT INTO "coding_problems" VALUES(69,'nc_find_kth_largest_element_in_an_array','');INSERT INTO "coding_problems" VALUES(70,'nc_jump_game','');INSERT INTO "coding_problems" VALUES(71,'nc_longest_common_subsequence','');INSERT INTO "coding_problems" VALUES(72,'nc_n_queens','');INSERT INTO "coding_problems" VALUES(73,'nc_binary_tree_maximum_path_sum','');INSERT INTO "coding_problems" VALUES(74,'nc_gas_station','');INSERT INTO "coding_problems" VALUES(75,'nc_merge_k_sorted_linked_lists_(LINKED_LIST)','');INSERT INTO "coding_problems" VALUES(76,'nc_median_from_data_stream','');INSERT INTO "coding_problems" VALUES(77,'nc_coin_change','');INSERT INTO "coding_problems" VALUES(78,'nc_find_minimum_in_rotated_sorted_array','');INSERT INTO "coding_problems" VALUES(79,'nc_coin_change_2','');INSERT INTO "coding_problems" VALUES(80,'nc_merge_intervals','');INSERT INTO "coding_problems" VALUES(81,'nc_minimum_window_substring','');INSERT INTO "coding_problems" VALUES(82,'nc_pacific_atlantic_water_flow','');INSERT INTO "coding_problems" VALUES(83,'nc_prefix_tree_trie','');INSERT INTO "coding_problems" VALUES(84,'nc_generate_parentheses','');INSERT INTO "coding_problems" VALUES(85,'nc_partition_labels','');INSERT INTO "coding_problems" VALUES(86,'nc_lowest_common_ancestor_in_bst','');INSERT INTO "coding_problems" VALUES(87,'nc_merge_k_sorted_linked_lists_(HEAP)','');INSERT INTO "coding_problems" VALUES(88,'nc_course_schedule','');INSERT INTO "coding_problems" VALUES(89,'nc_trapping_rain_water','');INSERT INTO "coding_problems" VALUES(90,'nc_hand_of_straights','');INSERT INTO "coding_problems" VALUES(91,'nc_longest_increasing_subsequence','');INSERT INTO "coding_problems" VALUES(92,'nc_lru_cache','');INSERT INTO "coding_problems" VALUES(93,'nc_combinations','');INSERT INTO "coding_problems" VALUES(94,'nc_insert_into_a_bst','');INSERT INTO "coding_problems" VALUES(95,'nc_nth_tribonacci_number','');INSERT INTO "coding_problems" VALUES(96,'nc_matchsticks_to_square','');INSERT INTO "coding_problems" VALUES(97,'nc_min_cost_to_connect_all_points','');INSERT INTO "coding_problems" VALUES(98,'nc_longest_increasing_path_in_matrix','');INSERT INTO "coding_problems" VALUES(99,'nc_construct_quad_tree','');INSERT INTO "coding_problems" VALUES(100,'nc_design_add_and_search_word_data_structure','');INSERT INTO "coding_problems" VALUES(101,'nc_longest_palindromic_substring','');INSERT INTO "coding_problems" VALUES(102,'nc_time_based_key_value_store','');INSERT INTO "coding_problems" VALUES(103,'nc_asteroid_collision','');INSERT INTO "coding_problems" VALUES(104,'nc_4sum','');CREATE TABLE coding_tag_classics (
    id INTEGER PRIMARY KEY NOT NULL,
    tag_id INTEGER NOT NULL,
    problem_id INTEGER NOT NULL,
    FOREIGN KEY (tag_id) REFERENCES coding_tags(id),
    FOREIGN KEY (problem_id) REFERENCES coding_problems(id),
    UNIQUE (tag_id, problem_id)
);INSERT INTO "coding_tag_classics" VALUES(1,5,3);INSERT INTO "coding_tag_classics" VALUES(3,12,35);INSERT INTO "coding_tag_classics" VALUES(4,27,36);INSERT INTO "coding_tag_classics" VALUES(6,28,37);INSERT INTO "coding_tag_classics" VALUES(7,12,38);INSERT INTO "coding_tag_classics" VALUES(8,3,39);INSERT INTO "coding_tag_classics" VALUES(9,6,10);INSERT INTO "coding_tag_classics" VALUES(10,6,40);INSERT INTO "coding_tag_classics" VALUES(11,5,41);INSERT INTO "coding_tag_classics" VALUES(12,4,8);INSERT INTO "coding_tag_classics" VALUES(13,28,42);INSERT INTO "coding_tag_classics" VALUES(14,3,43);INSERT INTO "coding_tag_classics" VALUES(15,6,14);INSERT INTO "coding_tag_classics" VALUES(16,7,7);INSERT INTO "coding_tag_classics" VALUES(17,7,44);INSERT INTO "coding_tag_classics" VALUES(19,7,46);INSERT INTO "coding_tag_classics" VALUES(20,5,47);INSERT INTO "coding_tag_classics" VALUES(22,28,48);INSERT INTO "coding_tag_classics" VALUES(23,4,1);INSERT INTO "coding_tag_classics" VALUES(24,19,23);INSERT INTO "coding_tag_classics" VALUES(25,19,24);INSERT INTO "coding_tag_classics" VALUES(26,4,49);INSERT INTO "coding_tag_classics" VALUES(27,3,50);INSERT INTO "coding_tag_classics" VALUES(28,27,51);INSERT INTO "coding_tag_classics" VALUES(29,21,52);INSERT INTO "coding_tag_classics" VALUES(30,7,53);INSERT INTO "coding_tag_classics" VALUES(31,28,34);INSERT INTO "coding_tag_classics" VALUES(32,19,54);INSERT INTO "coding_tag_classics" VALUES(33,12,55);INSERT INTO "coding_tag_classics" VALUES(34,7,56);INSERT INTO "coding_tag_classics" VALUES(35,4,57);INSERT INTO "coding_tag_classics" VALUES(36,5,58);INSERT INTO "coding_tag_classics" VALUES(38,29,61);INSERT INTO "coding_tag_classics" VALUES(39,12,62);INSERT INTO "coding_tag_classics" VALUES(40,21,64);INSERT INTO "coding_tag_classics" VALUES(41,3,65);INSERT INTO "coding_tag_classics" VALUES(43,19,60);INSERT INTO "coding_tag_classics" VALUES(44,27,66);INSERT INTO "coding_tag_classics" VALUES(45,29,67);INSERT INTO "coding_tag_classics" VALUES(46,21,69);INSERT INTO "coding_tag_classics" VALUES(47,28,45);INSERT INTO "coding_tag_classics" VALUES(48,11,70);INSERT INTO "coding_tag_classics" VALUES(49,29,71);INSERT INTO "coding_tag_classics" VALUES(50,19,72);INSERT INTO "coding_tag_classics" VALUES(51,6,73);INSERT INTO "coding_tag_classics" VALUES(52,21,76);INSERT INTO "coding_tag_classics" VALUES(53,5,9);INSERT INTO "coding_tag_classics" VALUES(54,4,81);INSERT INTO "coding_tag_classics" VALUES(55,11,80);INSERT INTO "coding_tag_classics" VALUES(56,29,77);INSERT INTO "coding_tag_classics" VALUES(57,27,82);INSERT INTO "coding_tag_classics" VALUES(58,11,85);INSERT INTO "coding_tag_classics" VALUES(59,11,90);INSERT INTO "coding_tag_classics" VALUES(60,11,74);INSERT INTO "coding_tag_classics" VALUES(61,29,91);INSERT INTO "coding_tag_classics" VALUES(62,3,92);INSERT INTO "coding_tag_classics" VALUES(63,6,86);INSERT INTO "coding_tag_classics" VALUES(64,12,89);INSERT INTO "coding_tag_classics" VALUES(65,21,87);INSERT INTO "coding_tag_classics" VALUES(66,27,88);CREATE TABLE coding_tags (
    id INTEGER PRIMARY KEY NOT NULL,
    name TEXT NOT NULL UNIQUE
);INSERT INTO "coding_tags" VALUES(1,'neetcode');INSERT INTO "coding_tags" VALUES(3,'linked_list');INSERT INTO "coding_tags" VALUES(4,'sliding_window');INSERT INTO "coding_tags" VALUES(5,'binary_search');INSERT INTO "coding_tags" VALUES(6,'tree');INSERT INTO "coding_tags" VALUES(7,'stack');INSERT INTO "coding_tags" VALUES(8,'winton');INSERT INTO "coding_tags" VALUES(9,'one_pass');INSERT INTO "coding_tags" VALUES(10,'leetcode');INSERT INTO "coding_tags" VALUES(11,'greedy');INSERT INTO "coding_tags" VALUES(12,'2_pointer');INSERT INTO "coding_tags" VALUES(13,'monotonic');INSERT INTO "coding_tags" VALUES(14,'math');INSERT INTO "coding_tags" VALUES(15,'irrelevant');INSERT INTO "coding_tags" VALUES(16,'dummy1');INSERT INTO "coding_tags" VALUES(17,'uncategorized');INSERT INTO "coding_tags" VALUES(18,'recursion');INSERT INTO "coding_tags" VALUES(19,'backtracking');INSERT INTO "coding_tags" VALUES(20,'dfs');INSERT INTO "coding_tags" VALUES(21,'heapq');INSERT INTO "coding_tags" VALUES(22,'3_pointer');INSERT INTO "coding_tags" VALUES(23,'easy');INSERT INTO "coding_tags" VALUES(24,'game_theory');INSERT INTO "coding_tags" VALUES(26,'fix_array');INSERT INTO "coding_tags" VALUES(27,'graph');INSERT INTO "coding_tags" VALUES(28,'arrays_&_hashing');INSERT INTO "coding_tags" VALUES(29,'dynamic');INSERT INTO "coding_tags" VALUES(30,'combinatorics');INSERT INTO "coding_tags" VALUES(31,'hard');INSERT INTO "coding_tags" VALUES(32,'medium');INSERT INTO "coding_tags" VALUES(33,'bfs');INSERT INTO "coding_tags" VALUES(34,'1ddp');INSERT INTO "coding_tags" VALUES(35,'2ddp');INSERT INTO "coding_tags" VALUES(36,'data_structure');INSERT INTO "coding_tags" VALUES(37,'interval');INSERT INTO "coding_tags" VALUES(38,'trie');INSERT INTO "coding_tags" VALUES(39,'union_find');INSERT INTO "coding_tags" VALUES(40,'advanced_graphs');CREATE TABLE sysdesign_attempts (
    id INTEGER PRIMARY KEY NOT NULL,
    problem_id INTEGER NOT NULL,
    attempt_time TIMESTAMP NOT NULL,
    minutes_taken INTEGER NOT NULL,
    difficulty TEXT NOT NULL CHECK (difficulty IN ("Easy", "Medium", "Hard")),
    needed_help TEXT NOT NULL CHECK (needed_help IN ("Yes", "No", "Kinda")),
    notes TEXT,
    FOREIGN KEY (problem_id) REFERENCES sysdesign_problems(id)
);CREATE TABLE sysdesign_problem_tags (
    id INTEGER PRIMARY KEY NOT NULL,
    problem_id INTEGER NOT NULL,
    tag_id INTEGER NOT NULL,
    FOREIGN KEY (problem_id) REFERENCES sysdesign_problems(id),
    FOREIGN KEY (tag_id) REFERENCES sysdesign_tags(id)
);CREATE TABLE sysdesign_problems (
    id INTEGER PRIMARY KEY NOT NULL,
    name TEXT NOT NULL UNIQUE,
    url TEXT
);CREATE TABLE sysdesign_tags (
    id INTEGER PRIMARY KEY NOT NULL,
    name TEXT NOT NULL UNIQUE
);CREATE INDEX idx_coding_problem_id ON coding_problem_tags (problem_id);CREATE INDEX idx_coding_tag_id ON coding_problem_tags (tag_id);CREATE INDEX idx_coding_attempt_problem_id ON coding_attempts (problem_id);CREATE INDEX idx_coding_attempt_time ON coding_attempts (attempt_time);CREATE INDEX idx_sysdesign_problem_id ON sysdesign_problem_tags (problem_id);CREATE INDEX idx_sysdesign_tag_id ON sysdesign_problem_tags (tag_id);CREATE INDEX idx_sysdesign_attempt_problem_id ON sysdesign_attempts (problem_id);CREATE INDEX idx_sysdesign_attempt_time ON sysdesign_attempts (attempt_time);COMMIT;